customer_id,customer_name,customer_address,email,registration_date
1,Allison Hill,"819 Johnson Course
East William, OH 26563",shaneramirez@gmail.com,2022-06-11
2,Gina Moore,"USNV Garcia
FPO AA 13177",cassandra07@hotmail.com,2022-04-17
3,Jamie Arnold,"310 Kendra Common Apt. 164
Reidstad, MN 47067",jacqueline19@jackson.biz,2022-11-29
4,Margaret Hawkins DDS,"05641 Robin Port
Jasonfort, SD 60643",donald88@burgess-patterson.org,2023-06-18
5,Zachary Taylor,"22691 James Mountain
Tashatown, VA 15515",daniel62@yahoo.com,2021-10-11
6,Sherri Baker,"148 Eric Track
New Stephanie, AL 79005",xsmith@yahoo.com,2022-10-12
7,Shawn Arroyo,"82278 Joseph Well Suite 383
Raymondstad, NC 59678",jeffreymorgan@spencer.com,2022-09-26
8,Andre Rivera,"738 Jennifer Ports Suite 376
North Collin, MI 56020",dshields@hotmail.com,2024-07-17
9,Mrs. Jennifer Morgan,"38726 Joshua Gateway
South Lindseyside, AR 85978",housemelinda@russell.com,2023-06-20
10,Carmen Smith,"6872 Kenneth Centers Apt. 500
Shawhaven, AR 67063",caseyjones@powell.com,2024-03-23
11,Lisa Barnes,"3534 Anderson Rue Suite 751
South Christineshire, CA 70969",david51@wood.info,2024-01-27
12,Lisa Archer,"841 Joseph Coves
West Juan, VT 45443",william40@walters.com,2021-10-11
13,Carlos Whitney,"680 Charles Spurs Apt. 805
South David, MN 05730",evelynestrada@yahoo.com,2024-02-22
14,Jennifer Oliver,"26025 Pham Way
West Erik, CT 50641",dwalker@torres-pope.com,2022-09-17
15,Corey Murphy,"8685 Darrell Green Apt. 940
New Ryanmouth, PA 67534",mlam@williams-graham.net,2024-01-20
16,Teresa Mclaughlin,"59514 Estrada Islands Suite 482
South Elizabeth, TX 98560",richard04@clark-floyd.org,2024-07-19
17,Jeremy Lowe,"148 Davis Terrace
Lake Lance, ID 19814",sanchezthomas@gibson.org,2022-08-04
18,Janet Ross,"63287 Angela Vista
South Dennismouth, NC 73760",usalazar@hotmail.com,2023-07-30
19,Kimberly Merritt,"4348 Sims Harbor Suite 143
Matthewside, DC 20270",tbenson@brown.com,2024-01-26
20,Antonio Wall,"670 Evans Loaf
Medinaside, PA 29407",joshuatucker@yahoo.com,2023-03-12
21,Rebecca Ramsey,"806 Christopher Meadow
Port Steven, KS 50190",shawnrogers@yahoo.com,2022-12-12
22,Sandra King,"805 Debra Tunnel
Port Anthonybury, AK 81940",davidcaldwell@gould.com,2022-06-23
23,Tracey Higgins,"1904 Sanders Stravenue
North Brittany, SC 32331",melissa91@patton.com,2022-01-21
24,Gloria Atkinson,"5726 Jessica Run
Christinaside, NJ 61432",marcus31@yahoo.com,2023-09-06
25,John Bishop,"5273 Salinas Junctions
Nicoleview, AL 68216",allenrichard@chang.info,2023-09-02
26,Anna Walker,"957 Coleman Summit Suite 574
Johnville, ID 41860",jamesrodgers@hardy-bray.net,2024-04-20
27,Brian Lee,"0824 Terri Plaza
Heidiberg, WV 64841",andrewstaylor@peterson-sheppard.com,2023-10-18
28,Austin Vasquez,"29413 Angela Mall
Port Alexandra, NV 39475",ashley09@hotmail.com,2022-03-09
29,Christine Clark,"28120 Hayes Ranch
Carterbury, VT 37557",mcdanielsandra@hotmail.com,2024-04-09
30,Taylor Coleman,"2102 Larson Views
Scottmouth, ME 92216",vincent77@gmail.com,2024-04-22
31,Jeffrey Morris,"99049 Kathryn Extensions
Stonemouth, KY 24289",ecosta@yahoo.com,2023-07-02
32,Michael Hodge,"6807 Leonard Islands Apt. 680
Gutierrezborough, MN 82110",nwolf@yahoo.com,2024-02-06
33,Dwayne Gilmore,"932 Pierce Plaza
Davisville, DE 85397",scantu@thornton.info,2022-10-19
34,Charles Lee,"46584 Justin Hills
Grimesmouth, NJ 45737",ugibson@gmail.com,2024-09-23
35,James Chase,"766 Tyler Camp Apt. 895
Port Meganville, NH 02512",jpitts@harrison.com,2024-05-31
36,Marie Christian,"7809 Jimmy Spur Suite 316
Port Cynthiaville, GA 91465",williamslaura@yahoo.com,2023-04-15
37,Charles Schmidt,"21969 Tyler Prairie
East Steven, NH 33967",rsantana@moore.org,2023-01-13
38,Jessica Wright,"7136 Andrews Squares
Andrewfurt, AL 74678",swall@lawson.com,2024-06-20
39,David Campos,"104 Johnson Lakes
North Renee, WA 54961",davidryan@schmidt-mcintyre.com,2022-11-09
40,Terry Coffey,"71236 Davis Locks Apt. 481
Richardsonview, MS 84196",leonardthomas@hotmail.com,2024-02-25
41,Leonard Holland,"461 Brandon Camp Suite 711
New Derek, MN 88382",nicolepena@yahoo.com,2024-05-19
42,Trevor Johnson,"3515 Brown Harbor Apt. 171
Lake Danielle, AR 44214",kristinharris@clark.com,2022-05-23
43,Linda Ramirez,"Unit 2842 Box 1020
DPO AA 31687",thompsonbrian@hotmail.com,2023-07-21
44,Nichole Alvarez,"8390 Ellis Burgs
South Melaniechester, CT 64761",lammarc@gmail.com,2022-01-16
45,Marcus Richards,"847 Garcia Squares Apt. 836
Beasleychester, NH 52763",edwardslarry@yahoo.com,2023-05-10
46,Melissa Wells,"61528 Brenda Points
Elizabethchester, TN 98842",schmittcaroline@yahoo.com,2022-03-15
47,Christy Douglas,"8514 Lindsay Vista
New Sarahview, HI 36319",michael22@hotmail.com,2024-07-23
48,Charles Schultz,"6752 Collins Islands
North Ericton, CO 36166",ctucker@yahoo.com,2022-12-04
49,Jose Reed,"403 Joyce Centers Apt. 343
Port Jonathan, DE 01514",ythompson@hotmail.com,2024-10-03
50,Justin Barnett,"060 Morse Wall Suite 969
Mckinneychester, DE 53589",george97@gillespie.com,2023-08-13
51,Kelly Foster,"52181 Rebecca Keys Suite 231
West James, FL 86419",stephanieburton@webster-wolf.info,2024-08-29
52,Kristy Reid,"71774 Vargas Knoll Apt. 477
North Miguelport, SD 12336",ycarpenter@hotmail.com,2021-12-08
53,Robert Pearson,"207 Lisa Villages Suite 182
East Jasminemouth, NC 80429",nathan46@schroeder-shelton.com,2024-06-12
54,Andrea Davis,"9251 Sabrina Inlet Suite 291
Angelicamouth, DC 88334",bromero@parker-bean.com,2023-10-31
55,Zachary Moore,"880 Walter River
New Nicholas, HI 91313",xwilliams@ball.info,2022-10-04
56,Emily Stokes,"9774 Shaw Manor
Port James, DC 33269",jsawyer@dawson.com,2022-12-22
57,Christopher Cole,"37506 Randy Landing Apt. 615
North Lucas, VT 85692",devinmitchell@yahoo.com,2024-09-21
58,Olivia Harrison,"43289 Rodriguez Heights
West David, MT 84249",rodriguezrebecca@hotmail.com,2024-01-16
59,Jose Allen,"95396 Elizabeth Corner Suite 188
South Morganton, MS 49430",kellycarlos@gmail.com,2024-07-22
60,Patricia Moss,"8527 Welch Valleys
North Jennifer, AZ 38963",moodynina@mahoney-robertson.net,2023-10-11
61,Paul Lee,"541 Kim Locks
Klinefurt, HI 65539",sandra84@gmail.com,2023-07-27
62,Lance Short,"15447 Jackson Mills Suite 705
Hillton, TN 84061",william20@gmail.com,2024-05-06
63,Jessica Martinez,"6909 Erika Land Suite 719
New Michael, SD 37029",johnsonjacob@hughes.com,2024-10-03
64,Zachary Mitchell,"PSC 7312, Box 1727
APO AE 89882",jenna88@yahoo.com,2023-01-14
65,Michelle Ho,"313 Joel Park Apt. 589
Tannerside, RI 11801",raymond78@hammond-morrow.com,2022-04-18
66,Maria Cole,"89226 Marie Path Apt. 422
Sarahbury, NC 37731",james84@weber.net,2022-02-28
67,Caroline David,"001 Stacy Trail Suite 396
South Pamelaside, SD 40097",lindacohen@yahoo.com,2023-09-10
68,Anthony Gonzales,"9255 Hester Curve
Zacharyville, IA 61642",shannon21@roberts.org,2023-07-17
69,Sean Moore,"27877 Jimenez Course Suite 873
New Michael, LA 65367",amanda16@gmail.com,2022-11-20
70,Pamela Diaz,"8416 Duran Harbors
East Theresafurt, WY 44945",jameshicks@hotmail.com,2021-12-07
71,Chad Cook,"98259 Martin Ridges Suite 958
Ericksonport, AK 48782",whitneybrandy@hotmail.com,2024-09-08
72,Linda Baker,"097 Alexandria Stravenue
Hernandezbury, OK 92319",andrewedwards@gutierrez.biz,2023-11-24
73,Tami Salas,"283 Bolton Neck
Edwardsburgh, ND 45370",chelsea33@yahoo.com,2024-02-19
74,Todd Hendrix,"757 Castro Underpass
Keithshire, ND 50268",stephanie24@gmail.com,2022-12-26
75,Angela Bradshaw,"38484 Daniel Streets Apt. 308
Lake Jesse, MT 43793",maldonadoderrick@hotmail.com,2022-06-08
76,Timothy Johns,"5401 Amanda Stream
East Robertburgh, AZ 52535",sharonhayden@yahoo.com,2021-12-03
77,Keith Rodriguez,"Unit 4788 Box 7287
DPO AA 25773",francisco74@lopez.org,2024-08-18
78,Casey Chase,"PSC 6851, Box 6122
APO AA 42916",greenjoe@finley-turner.org,2021-10-23
79,Ian Young,"2684 Danielle Hill Suite 933
South Eric, PA 49472",ztodd@hotmail.com,2022-09-10
80,Melanie Larson,"519 Bryan Plaza Apt. 982
West Melissa, DE 89668",gdavis@stokes-chavez.net,2023-07-13
81,Anthony Ford,"4039 Brandon Key
New Virginialand, AZ 38130",kaylacannon@hotmail.com,2024-07-05
82,Jacqueline Vance,"1825 Gregory Plain Suite 823
Port Andrewport, TX 94754",pmorrow@yahoo.com,2023-03-27
83,Colin Golden,"690 Jamie Courts
South Carlaton, WA 06299",nyoung@gmail.com,2022-05-11
84,Donna Cabrera,"953 Walter Shore Apt. 644
New Stacyburgh, TX 56495",comptonshelly@hotmail.com,2023-05-21
85,Emma Butler,"87334 Linda Centers Suite 688
South John, MA 85266",fboone@hardy.org,2024-04-29
86,Benjamin Ballard,"3540 Sharon Streets
Lake Yvonnefort, IA 91678",jherman@rowe-james.net,2024-07-09
87,Dennis Hunt,"753 Edwards Cape
Lake Dustin, OH 77051",elijah53@yahoo.com,2024-03-09
88,Kathryn Pena,"7725 Donald Plains Suite 280
Port Melanieton, AL 54554",carloshernandez@wagner.com,2024-05-22
89,Taylor Durham,"88600 Nichols Heights
New Lisachester, HI 14527",johnharvey@ochoa-adams.biz,2022-02-05
90,Jared Cunningham,"Unit 3410 Box 1666
DPO AP 62891",warnerchristopher@newman-rivera.com,2024-01-04
91,Crystal Valenzuela,"0148 Harry Vista Suite 039
Port Lori, MO 10585",anneknight@yahoo.com,2024-08-22
92,Evelyn Campos,"501 Hall Club
Cassiefurt, MD 04384",whenry@hotmail.com,2023-05-12
93,Michael Guerrero,"11426 Jodi Island Suite 110
Seanview, DC 11943",jcole@russell.com,2024-04-20
94,Erika Cruz,"83982 Jackson Grove Suite 472
East Ryanchester, NJ 10583",sheryl79@hotmail.com,2022-08-05
95,Chad Smith,"7569 Kevin Rapids Apt. 752
Novakport, UT 83456",markramirez@yahoo.com,2023-04-26
96,Justin Vargas,"737 Guerra Cliff
Chambersberg, ME 32223",jennifermccormick@gmail.com,2023-09-03
97,Karen Morales DDS,"PSC 6805, Box 8911
APO AE 86694",deborahwilliams@hotmail.com,2024-08-23
98,Tracy Rivera,"14388 Sean Lock
Bartonshire, NY 20259",webbkenneth@gmail.com,2022-04-04
99,Monica Bailey,"757 Samuel Square
Floresport, VT 15585",deborah23@thompson.info,2022-10-01
100,Lori Lopez,"93796 Smith Forest Apt. 419
Port Monicaburgh, MD 26331",bakermichelle@hotmail.com,2024-06-24
101,James Long,"9249 Emily Island Apt. 341
West Heather, MS 55320",fhenderson@medina.com,2024-02-15
102,Dylan Lopez,"0723 Maynard Parkways
Ortizfort, VT 58677",christopherjohnson@gmail.com,2023-01-02
103,Danny Roberts,"819 Joseph Plains Suite 807
South Curtis, SD 98981",nancy07@bailey-montoya.info,2022-04-06
104,Cynthia Cochran,"962 Kristen Via Apt. 095
Candiceburgh, VT 38857",stephanie81@gmail.com,2023-07-07
105,Wendy Camacho,"25367 Barbara Grove
Brooksland, WY 12703",heather57@yahoo.com,2023-02-26
106,Sheila Boone,"518 Robinson Meadow Apt. 745
Matthewshire, OK 64115",williamsconnie@yahoo.com,2021-10-31
107,Scott Alexander,"24241 Wright Landing Apt. 064
South Diana, CT 00643",lmiller@stone.com,2021-10-18
108,Ruth Mcneil,"1361 Dakota Land
Derrickberg, TX 19225",bishopfrank@bowen-fuller.com,2023-07-07
109,Jessica Robinson,"PSC 2196, Box 5652
APO AE 36803",angelagreene@mitchell.com,2022-08-21
110,Katrina Adkins,"76137 Allison Bridge
Sarahberg, OK 55664",kathrynbest@gmail.com,2021-10-31
111,Alexis Lewis,"PSC 6848, Box 6661
APO AP 70829",christopher18@mccann.net,2023-02-25
112,Mark Davenport,"6303 Sandy Crescent
Salazarton, TN 97716",smithderrick@martin.net,2023-12-18
113,Michelle Jackson,"105 Nelson Circles Suite 917
Dixonton, OK 22374",jonathangarcia@hotmail.com,2024-08-18
114,Crystal Hicks,"07562 Sarah Walks
New Lindachester, MD 33041",joseph19@yahoo.com,2022-04-09
115,Stephanie White,"1744 Miller Motorway
West Jamesshire, ME 97438",frichardson@oconnor.com,2022-05-27
116,Jason Hall,"0641 Alyssa Freeway
Vasquezton, VT 37178",morsephyllis@gutierrez.com,2024-03-26
117,Casey Wilkins,"2344 Howe Lock
Louisview, CA 27070",moorefrank@edwards-martinez.com,2022-08-24
118,John Phelps,"903 Hernandez Station Apt. 568
Lake Kentburgh, MO 59771",murraylinda@martinez.com,2022-04-27
119,James Parks,"USS Aguilar
FPO AA 10329",gonzalezdebbie@davis.com,2021-12-11
120,Amber Glass,"0662 Lewis Ferry Suite 472
New Christinebury, LA 65891",rbrown@yahoo.com,2022-05-07
121,Marvin Robles,"5787 Durham Parkway
Paulburgh, MD 78766",huangkimberly@stokes.net,2023-04-14
122,Yvonne Dickson,"8039 Kelly Villages
East Joel, WA 91940",warnermichael@hotmail.com,2024-02-28
123,Travis Copeland,"427 Christopher Fort Apt. 087
West Samanthaborough, DC 45164",brian29@stark.com,2022-01-26
124,Tom Foster,"2267 Thompson Points Suite 392
Parkerport, HI 96030",xrosales@johnson.org,2022-09-14
125,Ashley Crawford,"55215 Smith Fords
Lake Carlos, WY 14661",cruzjessica@wilkerson.biz,2023-04-04
126,Ashley Mendoza,"71040 Green Cove
West Georgefurt, VA 10331",brooke97@johnson.biz,2022-06-07
127,Gary Mccann,"443 Brandon Ports Suite 205
South Christopherfort, CT 03874",daniellerowland@anthony-parker.biz,2023-10-07
128,Matthew Davis MD,"2704 Marshall Fork Suite 902
North Elizabethside, WV 77797",randallloretta@sheppard-mcdaniel.info,2024-03-13
129,Karen Miller,"PSC 0898, Box 9921
APO AA 23160",lindseymartinez@miller-vega.com,2024-06-06
130,Kurt Flores,"68685 Stone Well
Port Isabellashire, WY 55498",khernandez@aguilar.com,2024-02-27
131,Rachel Dillon,"6799 Johnson Harbor Suite 299
Williamsmouth, IA 06961",penny05@yahoo.com,2023-02-01
132,John Horton,"47546 Jacob Forest
Figueroahaven, MN 07868",collinswilliam@deleon.org,2021-11-19
133,Shaun Gonzalez,"0534 Colon Parkways
Reidville, AK 32212",lwheeler@yahoo.com,2024-04-04
134,Hailey Monroe,"0602 Mercedes Rue
Lake Jamie, MT 67777",wellsdavid@burke.com,2022-11-02
135,Terri Marquez,"6574 Steven Springs Suite 910
Annaport, TX 14670",rogersjoshua@yahoo.com,2022-12-10
136,Michael Stafford,"309 Guerrero Springs
Lake Anthony, LA 34504",cprice@hotmail.com,2024-03-12
137,Grace Reeves,"584 Mary Wells Apt. 417
Lake Jonathan, OH 24496",walkerjeffrey@yahoo.com,2023-07-21
138,Erin Green,"0999 Thomas Fields
Port Erinhaven, MT 07587",victoriacooper@orozco.com,2022-02-08
139,Mr. Christopher Walters,"29271 Christina Roads Suite 667
Smithside, VA 49404",katherine83@rhodes.com,2022-09-22
140,Haley Anderson,"10447 Hamilton Spur Apt. 575
East Stacy, MO 03007",jessicaanderson@johnson.com,2023-05-11
141,Dawn Nichols,"100 Robert Light
New Johnnyberg, UT 90382",robert18@dean-haynes.biz,2022-03-17
142,Lisa Campbell,"93483 Warner Hill Apt. 087
Lake Sarah, IA 00859",meadowsmary@snyder.com,2022-03-12
143,Maria Bryant,"Unit 4701 Box 2045
DPO AP 41488",daviskatherine@gmail.com,2021-10-21
144,Mary Jackson,"415 White Locks Suite 746
Marshburgh, DC 91749",dalepruitt@pham-gregory.com,2024-05-12
145,Ian Johnson,"7167 Bryan Shoal
Alexanderhaven, WA 76083",april91@stanley-wright.com,2024-08-02
146,Janice Combs,"28772 Karen Islands
West Tara, NY 29691",fmontoya@yahoo.com,2023-08-27
147,Joan Gates,"0166 Angela Alley
Port Cassandraport, NY 74207",xclements@velasquez.com,2024-02-23
148,Lindsay Moran,"13055 Kelley Landing Apt. 027
Port Jennifer, MT 14520",jacobconrad@yahoo.com,2022-09-05
149,Richard Love,"91779 Tamara Avenue Apt. 869
Glassburgh, OR 23261",hughescaroline@gordon-cruz.org,2024-09-15
150,Denise Stuart,"Unit 7226 Box 9848
DPO AA 93807",jasonklein@reed.com,2023-11-27
151,Mallory Page,"968 Rich Manors Apt. 810
Thomaston, KY 98829",frances20@mueller.com,2023-09-09
152,Sean Stevenson,"84066 Frye Spur Suite 800
Jamesmouth, IN 83572",kimberlybrandt@yahoo.com,2023-09-03
153,Michael Lopez,"0648 Anderson Prairie
Adammouth, FL 05736",candice94@tyler-pierce.com,2023-02-11
154,Tina Meyer,"8861 Walker Forest
Markport, WV 81540",wilsonmichael@gmail.com,2024-06-29
155,Lisa Haley,"1648 Johnson Path Suite 887
Williamsborough, NY 11294",teresaayala@smith.com,2024-09-04
156,Brian Medina,"120 Love Camp Apt. 102
Angelashire, IN 34402",zhayes@yahoo.com,2023-02-09
157,Michael Nichols,"901 Reilly Coves
Kristinport, CO 37400",qfoster@gmail.com,2023-10-12
158,Daniel Francis,"245 Angela Point Apt. 100
Medinaland, IL 98581",robertbrewer@hotmail.com,2022-05-15
159,Daniel Davenport,"908 Newman Cliffs
Emilyview, ID 95605",michael31@yahoo.com,2024-05-25
160,Corey Tucker,"929 Aguirre Meadow Apt. 053
Lake Jodi, KY 47619",natalie77@hampton-tucker.com,2022-07-06
161,Angela Ramirez,"1108 Lisa Prairie
Hammondborough, AZ 72799",jvaldez@yahoo.com,2023-06-07
162,Raymond Quinn,"816 Shaw Shore Apt. 928
South Erik, OK 86931",ccrosby@juarez.com,2022-11-20
163,Andrew Clark,"PSC 5677, Box 0051
APO AP 68838",beth92@yahoo.com,2024-07-17
164,Kevin Villanueva,"3865 Tucker Orchard Apt. 827
East Chris, KY 28224",ericguzman@guerrero.com,2022-03-31
165,Mr. Daniel Martin,"02992 Crystal Canyon
North Gabriel, NC 53644",stacey37@haney.biz,2024-04-26
166,Kevin Saunders,"57991 Nicholas Curve Apt. 038
Serranoville, NJ 81077",davisdonna@ryan.biz,2023-12-25
167,Shaun Wolfe,"5991 Anderson Neck Apt. 149
Scotttown, WA 01433",brooksjamie@ortiz-rodriguez.biz,2024-07-14
168,Deborah Herrera,"636 White Points Suite 449
Kimfurt, DC 86914",seanlyons@garcia.biz,2023-03-15
169,Lisa Cohen,"012 Frost Mews Apt. 143
Christopherton, MS 53014",bautistalori@hotmail.com,2023-11-12
170,Dakota Sandoval,"09883 Emily Lake Apt. 021
Kimberlystad, MO 53644",mclaughlincasey@dunn.net,2024-03-29
171,Victor Hill,"6904 Richard Coves
New Kellyville, NY 34277",kchurch@yahoo.com,2022-10-18
172,Tonya Ellis,"1416 Erica Forks
Robertstad, ND 01775",justinross@hotmail.com,2023-03-21
173,Timothy Woods,"37333 Clark Flats Apt. 952
North Samanthafort, AL 71473",uwatson@villanueva-ibarra.org,2022-12-06
174,William Moon IV,"86780 Long Spur
South Tiffany, NC 60803",smithjason@hotmail.com,2022-03-11
175,Louis Green,"7955 Victor Fords
Haynesstad, MO 37152",ashleykrause@hotmail.com,2022-09-26
176,Michelle Brock,"22702 Porter Vista Suite 744
South Coreyburgh, IL 33831",colematthew@yahoo.com,2023-04-18
177,Tara Scott,"9399 Tiffany Haven
Markhaven, WI 97038",jamesjustin@hotmail.com,2022-05-19
178,Margaret Mcfarland,"12535 Delgado Station Suite 964
Normanstad, OR 68781",bjackson@gmail.com,2022-10-05
179,Teresa Haynes,"1117 Anthony Locks
North Joseberg, SD 51598",johnmitchell@hotmail.com,2022-04-20
180,Ryan Johnson,"7848 Taylor Square Apt. 997
Millsside, MI 63632",ramosmichael@moore-smith.net,2022-05-05
181,John Smith,"PSC 7406, Box 4930
APO AP 49475",bkhan@wright-espinoza.biz,2023-05-16
182,Bobby Garrett,"8463 Ian Highway Apt. 797
Jackiefort, MD 03043",bookerandrew@campbell.info,2021-10-18
183,Chris Snyder,"5705 Megan Drive Apt. 461
Whiteview, MS 02154",paulproctor@rojas.com,2023-09-21
184,Anna Wade,"452 Julie Plaza Apt. 474
West Paige, TN 29046",cynthianguyen@bauer.com,2023-06-12
185,Alexa Williams,"925 John Parks Apt. 950
West Deannaside, CT 16993",levigrant@hotmail.com,2023-03-29
186,Jessica Lee,"240 Mann Points Suite 873
New Michael, NH 36588",schmidtshannon@weaver-gibson.net,2023-05-17
187,Sonya Harvey,"1863 Cannon Drives
Marcusmouth, CT 69077",conleydavid@harris.com,2022-03-08
188,Martin Price,"53910 Diana Village Apt. 705
Shortton, RI 35341",davenportchristian@yu.com,2022-09-29
189,Chelsey Fox,"861 Craig Squares
Andradeburgh, HI 72586",diane89@yahoo.com,2023-04-06
190,Krista Shea,"659 Anna Forest Suite 845
Westfurt, VA 05044",holmesvictoria@yahoo.com,2021-10-16
191,Daniel Foley,"889 Clinton Mount Suite 224
Pamelabury, KS 39862",ncarroll@jones.info,2024-09-11
192,Sabrina Davis,"961 Sandra Isle
Nicholechester, DE 30217",hbrown@flores.com,2023-02-25
193,Connie Williams,"9981 Ryan Turnpike Suite 225
South Ashleyton, MO 34914",xshaw@anderson.info,2023-06-12
194,Christina Gilbert,"14659 Daniel Loop
Diazborough, MI 78341",gary59@hanson-alexander.com,2022-08-12
195,Brittney Chandler,"92405 Kevin Mountains
West Jasonside, IL 72121",jdean@hotmail.com,2024-09-25
196,Jamie Escobar,"04394 Steven Branch Apt. 645
North Kellyfurt, MS 67156",todd98@lopez.info,2024-02-23
197,Alison Wright,"6205 Kelly Hollow Apt. 840
Natashatown, KY 30068",penny21@reyes.com,2023-07-16
198,Christian Waller,"PSC 5782, Box 3298
APO AP 27018",haley82@forbes-daugherty.com,2024-07-21
199,Sylvia Stewart,"52056 Turner Summit
Edwinborough, DC 24716",catherine93@hall.info,2022-05-02
200,Lisa Joseph,"7223 Antonio Track Apt. 463
Port James, NV 81380",michelle36@yahoo.com,2021-12-09
